{
  "x_dim": [
    -5.0,
    5.0
  ],
  "y_dim": [
    -5.0,
    5.0
  ],
  "res_x": 100,
  "res_y": 100,
  "N": 20,
  "dims": 3,
  "alphas": [
    [
      0.04869513958692551,
      0.013880282640457153,
      0.03649120405316353
    ],
    [
      0.15132789313793182,
      0.2670217752456665,
      0.5635973811149597
    ],
    [
      -0.07765261828899384,
      -0.046392519026994705,
      -0.3366033732891083
    ],
    [
      0.0880388468503952,
      0.050708070397377014,
      0.34377214312553406
    ],
    [
      0.25749877095222473,
      0.029697328805923462,
      0.0707314983010292
    ],
    [
      0.3483797609806061,
      0.20312952995300293,
      0.1365072876214981
    ],
    [
      0.06778483092784882,
      0.013034403324127197,
      0.020591672509908676
    ],
    [
      0.34652262926101685,
      0.06904921680688858,
      0.06344683468341827
    ],
    [
      0.4911465048789978,
      0.22097152471542358,
      0.25163722038269043
    ],
    [
      -0.14832858741283417,
      -0.22423464059829712,
      -0.14155450463294983
    ],
    [
      0.1950078159570694,
      0.06782820075750351,
      0.13206282258033752
    ],
    [
      0.23985902965068817,
      0.046786610037088394,
      0.07773636281490326
    ],
    [
      0.4158174693584442,
      0.09169099479913712,
      0.18931472301483154
    ],
    [
      0.24326331913471222,
      0.3274107575416565,
      0.5682060122489929
    ],
    [
      0.007744729984551668,
      0.008622937835752964,
      0.013702485710382462
    ],
    [
      -0.03806717321276665,
      -0.011667072772979736,
      -0.035168714821338654
    ],
    [
      0.0929785966873169,
      0.017820309847593307,
      0.03850909695029259
    ],
    [
      -0.32396531105041504,
      -0.15075834095478058,
      -0.352992981672287
    ],
    [
      -0.02863004058599472,
      -0.08263920247554779,
      -0.013477949425578117
    ],
    [
      -0.02520790882408619,
      0.016954032704234123,
      0.05916127562522888
    ]
  ],
  "centers": [
    [
      1.237440586090088,
      5.474725246429443
    ],
    [
      -0.28407159447669983,
      -1.3555916547775269
    ],
    [
      1.411230444908142,
      2.166313886642456
    ],
    [
      1.3839033842086792,
      2.132260799407959
    ],
    [
      -3.1593682765960693,
      4.306910037994385
    ],
    [
      -4.626567840576172,
      2.196655511856079
    ],
    [
      -4.952859878540039,
      -5.158995151519775
    ],
    [
      -1.0299322605133057,
      -0.5913546681404114
    ],
    [
      -3.55814528465271,
      -0.47094276547431946
    ],
    [
      -3.8448116779327393,
      0.466580867767334
    ],
    [
      -3.308056116104126,
      -2.8791420459747314
    ],
    [
      -2.6903581619262695,
      1.6833384037017822
    ],
    [
      -0.6428003311157227,
      -3.341454267501831
    ],
    [
      2.8466885089874268,
      0.07807454466819763
    ],
    [
      4.999350070953369,
      -0.8377354145050049
    ],
    [
      1.3693535327911377,
      5.2802934646606445
    ],
    [
      -0.9415127635002136,
      2.4997565746307373
    ],
    [
      -0.24139221012592316,
      -2.4797792434692383
    ],
    [
      -4.616466045379639,
      2.9124929904937744
    ],
    [
      -0.13790787756443024,
      -3.8928279876708984
    ]
  ],
  "sigmas": [
    [
      0.9852209091186523,
      1.026184320449829
    ],
    [
      1.7626551389694214,
      1.5606211423873901
    ],
    [
      1.3574562072753906,
      1.4542533159255981
    ],
    [
      1.3522953987121582,
      1.4356303215026855
    ],
    [
      1.7189357280731201,
      1.5134568214416504
    ],
    [
      1.5048965215682983,
      1.7013944387435913
    ],
    [
      1.3925985097885132,
      2.6346330642700195
    ],
    [
      1.7977526187896729,
      1.6803151369094849
    ],
    [
      1.7229145765304565,
      1.684880018234253
    ],
    [
      1.9941003322601318,
      1.7517119646072388
    ],
    [
      1.5464755296707153,
      1.3645679950714111
    ],
    [
      1.247056007385254,
      1.306821584701538
    ],
    [
      1.4886817932128906,
      1.7923681735992432
    ],
    [
      2.4460887908935547,
      1.48023521900177
    ],
    [
      0.8857546448707581,
      1.3484165668487549
    ],
    [
      0.9038060307502747,
      0.8353025913238525
    ],
    [
      1.2250208854675293,
      1.3494442701339722
    ],
    [
      1.380555272102356,
      1.9806182384490967
    ],
    [
      1.231564998626709,
      1.3428314924240112
    ],
    [
      1.1075079441070557,
      1.4322974681854248
    ]
  ],
  "thetas": [
    -0.2898828983306885,
    0.5977716445922852,
    0.6818409562110901,
    0.2633216679096222,
    -0.17116282880306244,
    0.08204851299524307,
    1.4357306957244873,
    -0.324131041765213,
    -0.3748486340045929,
    -0.7402219176292419,
    0.46956175565719604,
    0.09400687366724014,
    -0.23457160592079163,
    0.44678783416748047,
    -0.4114863872528076,
    -0.33155927062034607,
    0.32463324069976807,
    -0.12798979878425598,
    -0.24792928993701935,
    0.272666335105896
  ]
}